/*Data for the table `user` */
insert into `user`(`user_id`,`username`,`password`,`email`,`is_supervisor`) values (1,'supervisor','123456','supervisor@gmail.com',true);
insert into `user`(`user_id`,`username`,`password`,`email`,`is_supervisor`) values (2,'user','123456','user@gmail.com',false);

/*Data for the table `question` */
insert into `question`(`question_id`,`question`,`quiz_id`,`question_order`) values (1,'When the group needs suggestions, I...',1,1);
insert into `question`(`question_id`,`question`,`quiz_id`,`question_order`) values (2,'When the group needs opinions about something, I...',1,2);
insert into `question`(`question_id`,`question`,`quiz_id`,`question_order`) values (3,'The way I give support for my opinion is...',1,3);
insert into `question`(`question_id`,`question`,`quiz_id`,`question_order`) values (4,'When I give my opinion...',1,4);
insert into `question`(`question_id`,`question`,`quiz_id`,`question_order`) values (5,'When I need help when I work in groups...',1,5);


/*Data for the table `question_choices` */
insert into `question_choices`(`choice_id`,`score`,`choice`,`question_id`,`question_choice_order`) values (1, 1, 'Do not make suggestions',1,1);
insert into `question_choices`(`choice_id`,`score`,`choice`,`question_id`,`question_choice_order`) values (2, 2, 'Tell the group what to do',1,2);
insert into `question_choices`(`choice_id`,`score`,`choice`,`question_id`,`question_choice_order`) values (3, 3, 'Discuss my suggestions with the group',1,3);
insert into `question_choices`(`choice_id`,`score`,`choice`,`question_id`,`question_choice_order`) values (4, 5, 'Make sure everyone''s suggestions are heard',1,4);

insert into `question_choices`(`choice_id`,`score`,`choice`,`question_id`,`question_choice_order`) values (5, 1, 'Do not give my opinion',2,1);
insert into `question_choices`(`choice_id`,`score`,`choice`,`question_id`,`question_choice_order`) values (6, 2, 'Give my opinion',2,2);
insert into `question_choices`(`choice_id`,`score`,`choice`,`question_id`,`question_choice_order`) values (7, 4, 'Explain my opinion so the group understands',2,3);
insert into `question_choices`(`choice_id`,`score`,`choice`,`question_id`,`question_choice_order`) values (8, 6, 'Give reasons for and against my opinion using evidence',2,4);

insert into `question_choices`(`choice_id`,`score`,`choice`,`question_id`,`question_choice_order`) values (9, 1, 'I just give my opinion',3,1);
insert into `question_choices`(`choice_id`,`score`,`choice`,`question_id`,`question_choice_order`) values (10, 4, 'I give reasons for my opinion',3,2);
insert into `question_choices`(`choice_id`,`score`,`choice`,`question_id`,`question_choice_order`) values (11, 6, 'I explain how evidence supports my opinion',3,3);

insert into `question_choices`(`choice_id`,`score`,`choice`,`question_id`,`question_choice_order`) values (12, 1, 'I don''t ask others what they think of my opinion',4,1);
insert into `question_choices`(`choice_id`,`score`,`choice`,`question_id`,`question_choice_order`) values (13, 3, 'I ask others what they think of my opinion',4,2);
insert into `question_choices`(`choice_id`,`score`,`choice`,`question_id`,`question_choice_order`) values (14, 5, 'I check with others why they think the way they do about my opinion',4,3);

insert into `question_choices`(`choice_id`,`score`,`choice`,`question_id`,`question_choice_order`) values (15, 1, 'I don''t ask the group, I ask my teacher',5,1);
insert into `question_choices`(`choice_id`,`score`,`choice`,`question_id`,`question_choice_order`) values (16, 3, 'I ask group members that I like',5,2);
insert into `question_choices`(`choice_id`,`score`,`choice`,`question_id`,`question_choice_order`) values (17, 4, 'I use the group to help me',5,3);


/*Data for the table `user_result` */
-- insert into `user_result`(`attempt_id`,`user_id`,`quiz_id`,`choices`,`attempt_times`,`score`,`reflection`,`reflection_time`,`supervisor_id`) values (1, 2, 1, '2', 1, 2, 'I learnt that there is so much more I can do to be better at collaborative learning. I will try to speak up more often and bring my point across confidently next time.', '2021-09-09 01:53:56', 1);

/*Data for the table `user_question_answers` */
insert into `quiz`(`quiz_id`,`quiz_title`,`quiz_background`,`created_by`,`is_public`,`feedback`) values (1, 'Collaborative Learning', 'Collaborative learning is the educational approach of using groups to enhance learning through working together. Groups of two or more learners work together to solve problems, complete tasks, or learn new concepts.######Take this quiz now to find out how well you do in collaborative learning!', 1, true, '[{"5-7":"At this level, you join in with the group and provide them with opinion. When seeking help from others, you might think that the teacher should be the only source of help. When your peers give you feedback, you probably respond by trying to convince that you are correct, but you would also make the changes suggested.######When engaging with others'' thought, you listen and don''t interrupt, seeking clarification by stating that you don''t understand. You might rely on the teacher to make a plan but able to check the progress of the group."},{"8-12":"At this level, you give suggestions to the group and are open to discussion about their opinion. When you give your opinion, you ask others what they think of the opinion. When you need help in groups, you tend to ask group members that you are closer with or who you perceive to be the best group member to help you. You tend not to seek feedback or seek it from someone who you know will give you positive feedback. However, if you do receive feedback, you listen and ask questions.######When you disagree with other''s opinions, you provide an explanation for why you disagree. When exploring different opinions, you tend to seek peers who have the same opinion as you.######You would enter a discussion to make a group plan. If the group doesn''t do well, you will tell the group what they could have done better."},{"13-18":"At this level, you express your own opinions and make an effort to ensure that you provide evidence and help the group understand. If you need help, you use the group. You initiate feedback, making sure that you seek feedback from someone you know will tell you the truth ensuring the feedback is authentic.######When giving input to others on their learning, you seek clarification and ask questions to fully understand. You make the effort to find out many opinions to have as much information as possible before fully forming your own opinion. When providing help to others, you include an explanation and try to give genuine feedback by checking the standatd the teacher has set and making sure that others feel comfortable to approach you for feedback.######When managing the group, you will join a discussion about how the group is progressing. You check on whether everyone in the group is learning my monitoring progress and making sure the group explores ways to move forward together."},{"19-22":"At this level, you make sure that when the group needs suggestions that everyone''s suggestions are heard. You seek opinions from others about your own perspective, always checking how and why others think about your own opinions. You seek feedback from others on the quality of your work and ask for suggestions for improvement. You ask carious people for feedback so you get a range of feedback and make sure you understand the feedback fully so you can use it to improve.######You geuinely engage in the opinions of others and actively listen and think of questions for clarification. You actively seek the opinion of others to help form your own opinions. You give feedback to others through quality conversation with your peers about the quality of your work. you are able to reflect on the group''s learning by initating discussion on what the group could have done better"}, {"23-26":"At this level, you can provide reasons for and against your own opinions and explain how the evidence they provide supports your own opinion. You are open to discussing your own opinion and are able to present others with extensive information from which to critique.###### When supporting other’’s thoughts, you actively show others you are listening by explaining your opinion back to them to check for understanding. You actively seek other’’s perspectives by engaging in dialogue to explore your opinions and if you question others’’ opinions you provide counter-evidence to keep the dialogue open.###### You harness team work by leading the group to make plans and form opinions together. You lead discussions to make sure everyone in the group is aware of the group’’s progress."}]');
-- insert into `quiz`(`quiz_id`,`quiz_title`,`quiz_background`,`created_by`,`is_public`,`feedback`) values (2, 'Collaborative Learning 2', 'Collaborative learning is the educational approach of using groups to enhance learning through working together. Groups of two or more learners work together to solve problems, complete tasks, or learn new concepts.###Take this quiz now to find out how well you do in collaborative learning!', 1, true, '[{"1-10":"feedback1"},{"11-20":"feedback2"},{"21-30":"feedback3"}]');
